ID,goal_type,action_noise
42292,fill,43.701384578478695
42292,move,4.053241805228474
42292,uncover,43.181829639337366
42292,cover,2.966723448844413
42292,clear,36.12431818972021
