ID,goal_type,alpha,beta
19737,clear,1.5560552898902138,1.7718469348899724
