ID,goal_type,alpha,beta
49030,uncover,1.3939277800905867,1.2456582128191267
