ID,goal_type,goal_noise,action_noise
49030,uncover,0.5375556480885821,0.23945017377817468
