ID,goal_type,alpha,beta
42292,uncover,0.816355190060438,0.6916519319947703
