ID,goal_type,goal_noise,action_noise
42292,uncover,0.71104420384501,0.030609006215248653
