ID,goal_type,alpha,beta
39232,uncover,1.7232924771319444,1.9970468919596112
