ID,goal_type,goal_noise,action_noise
39232,uncover,0.8605931121169577,0.7551183133393922
