ID,goal_type,alpha,beta
Grace Chang,clear,1.0886335531517801,0.9343879839023039
