ID,goal_type,alpha,beta
Grace Chang,move red C2,1.4747640759063194,2.1585479094371998
