ID,goal_type,alpha,beta
40168,clear,-1.45902346041682,-0.3887888288743362
